energy_tev,coefficient,value,error
13,c00,1.0,0.0
13,c10,-0.8649104452746411,0.0025164252697367955
13,c20,0.8720477385742387,0.001750930676989916
13,c30,-0.25930698438520944,0.00032955228937619466
13,c40,0.039526407274655985,5.474303032691584e-05
13,c01,-0.09143411369239397,0.0003191563166240255
13,c11,-0.16711690912423563,0.00020607469305334954
13,c21,0.048781566291139306,5.941613799984487e-05
13,c02,0.016893701146949394,2.0090752278774172e-05
13,d00,-2.8304211780914432,0.004631897087379456
13,d10,-3.926922112570431,0.00885563193033703
13,d20,0.9005437111690108,0.0015475786623729902
13,d01,0.7933508428735132,0.0011502651510855528
13,e00,15.811067875010806,0.020947294463128825
13.6,c00,1.0,0.0
13.6,c10,-0.8665643435215741,0.0038980883948816114
13.6,c20,0.8715021173299434,0.0023218438054820466
13.6,c30,-0.2572157334305458,0.00028257258009402786
13.6,c40,0.039071504737333874,6.651271639622655e-05
13.6,c01,-0.0909153596557514,0.0003766444056041076
13.6,c11,-0.16650084313312022,0.00018488777963200477
13.6,c21,0.048504221008084075,5.174978567932392e-05
13.6,c02,0.016863842366670833,1.746045295778542e-05
13.6,d00,-2.878715268364514,0.008032552780306488
13.6,d10,-3.9516540411377914,0.008912720817246667
13.6,d20,0.8971497162325919,0.0015158599613091692
13.6,d01,0.8000379393175024,0.0010190594636863622
13.6,e00,16.213061914686538,0.01783525197429051
14,c00,1.0,0.0
14,c10,-0.8539917780015761,0.006017501706261551
14,c20,0.8634397969122491,0.003407592738744048
14,c30,-0.2559342409367204,0.0001829632620736266
14,c40,0.03900777191052782,7.89922840635549e-05
14,c01,-0.09213870623940917,0.000398357828592694
14,c11,-0.16614524556419397,0.00016191138368668604
14,c21,0.04829482846930053,3.537099826841487e-05
14,c02,0.016855334921185704,1.0112093993759464e-05
14,d00,-2.951873557823359,0.008582455308172206
14,d10,-3.9389109204019666,0.0073449734067107236
14,d20,0.8998717685834473,0.0011966519093654549
14,d01,0.8033652649815033,0.0006858356487306502
14,e00,16.47338243719053,0.009695321826028933
